"Lag","Lag_time","Lag_unit","N_complete_windows","MI","MIcrit","TE","TEcrit","Corr","Corrcrit","Hx","Hy","TEnorm","TEnormcrit","TE_significant","MI_significant"
0,0,"hours",1122944,0.0152062549689318,6.50032634561625e-05,0.00331480366768178,0.000174666232288952,0.194596534791508,0.00129093360408208,0.425827085053954,0.481221470367557,0.688831208040225,0.0362964337720722,TRUE,TRUE
1,0.25,"hours",1122943,0.0165245871600255,6.50032634561625e-05,0.00379296118540318,0.000174666232288952,0.218266276642904,0.00129093360408208,0.425827167933082,0.481221807990523,0.788193951816472,0.0362964083066642,TRUE,TRUE
2,0.5,"hours",1122740,0.0179370429206365,6.50032634561625e-05,0.00402087730185152,0.000174666232288952,0.241182439186711,0.00129093360408208,0.425837481473738,0.481182609711469,0.83562398571772,0.0362993650983536,TRUE,TRUE
3,0.75,"hours",1122537,0.0193861737934805,6.50032634561625e-05,0.00394475964788077,0.000174666232288952,0.262183022925654,0.00129093360408208,0.425863936783136,0.48114525547438,0.819868761667716,0.0363021832391845,TRUE,TRUE
4,1,"hours",1122334,0.0208443750379396,6.50032634561625e-05,0.00360633675586763,0.000174666232288952,0.280276816961034,0.00129093360408208,0.425883514703454,0.48110788493936,0.749590033495748,0.0363050030474906,TRUE,TRUE
5,1.25,"hours",1122131,0.0222441869524178,6.50032634561625e-05,0.00332123579432719,0.000174666232288952,0.294290106627713,0.00129093360408208,0.42590037217309,0.481073634186933,0.69037992488207,0.0363075878361443,TRUE,TRUE
6,1.5,"hours",1121928,0.0235731634110582,6.50032634561625e-05,0.00296475342225067,0.000174666232288952,0.30498685884149,0.00129093360408208,0.425933739996717,0.48103754196567,0.616324748820176,0.0363103119925341,TRUE,TRUE
7,1.75,"hours",1121725,0.0248198883469344,6.50032634561625e-05,0.00268797710319679,0.000174666232288952,0.31322010616268,0.00129093360408208,0.425956784659207,0.481000649353341,0.5588302441609,0.036313096983086,TRUE,TRUE
8,2,"hours",1121522,0.0259912633247547,6.50032634561625e-05,0.00248709293801197,0.000174666232288952,0.319197784267522,0.00129093360408208,0.425983282370131,0.480962954445187,0.517106965313149,0.0363159429795248,TRUE,TRUE
9,2.25,"hours",1121319,0.0270882875042687,6.50032634561625e-05,0.00219321082411505,0.000174666232288952,0.321923707533019,0.00129093360408208,0.426016680571639,0.480929764715839,0.456035576298949,0.0363184492006135,TRUE,TRUE
10,2.5,"hours",1121116,0.0281014742410731,6.50032634561625e-05,0.00201304154649884,0.000174666232288952,0.322345882658822,0.00129093360408208,0.42603975077281,0.48089904416064,0.418599614813624,0.0363207692778459,TRUE,TRUE
11,2.75,"hours",1120913,0.0290435613582571,6.50032634561625e-05,0.00185171255541117,0.000174666232288952,0.322209582426845,0.00129093360408208,0.426070081264692,0.480866464290031,0.38507833107994,0.0363232300981595,TRUE,TRUE
12,3,"hours",1120710,0.0298645859159408,6.50032634561625e-05,0.00163576614872118,0.000174666232288952,0.321525537054293,0.00129093360408208,0.426103510471252,0.480833868101512,0.340193621381065,0.0363256924847226,TRUE,TRUE
13,3.25,"hours",1120507,0.0306357241661042,6.50032634561625e-05,0.00152850733377841,0.000174666232288952,0.320606075366186,0.00129093360408208,0.426126965710725,0.480802639631098,0.317907433900773,0.0363280518640594,TRUE,TRUE
14,3.5,"hours",1120304,0.0313192320666998,6.50032634561625e-05,0.00143674443946806,0.000174666232288952,0.318964590045415,0.00129093360408208,0.426160415468245,0.480772319022423,0.298840923784769,0.0363303429457231,TRUE,TRUE
15,3.75,"hours",1120101,0.0319150050691593,6.50032634561625e-05,0.00130770894843546,0.000174666232288952,0.316990994712864,0.00129093360408208,0.426183529451221,0.480740160364877,0.27201990935039,0.0363327732295929,TRUE,TRUE
16,4,"hours",1119898,0.0324566778797274,6.50032634561625e-05,0.00121772628887862,0.000174666232288952,0.314280627788684,0.00129093360408208,0.426203201691197,0.480704051718637,0.253321411484872,0.0363355024082857,TRUE,TRUE
17,4.25,"hours",1119695,0.0329705584727706,6.50032634561625e-05,0.0011651017314448,0.000174666232288952,0.311074363976692,0.00129093360408208,0.426229780789517,0.480667684176415,0.242392357506018,0.0363382515694244,TRUE,TRUE
18,4.5,"hours",1119492,0.0334267252183279,6.50032634561625e-05,0.00110068003960817,0.000174666232288952,0.307663919343691,0.00129093360408208,0.426252918152832,0.480632242729911,0.229006700290537,0.0363409311237376,TRUE,TRUE
19,4.75,"hours",1119289,0.0337974834004752,6.50032634561625e-05,0.00100124619536224,0.000174666232288952,0.303971181638161,0.00129093360408208,0.426279514530795,0.480608600405577,0.208328813616174,0.036342718823915,TRUE,TRUE
20,5,"hours",1119086,0.0341575730583435,6.50032634561625e-05,0.000937687008494836,0.000174666232288952,0.300556411837659,0.00129093360408208,0.426299216287803,0.480584007388883,0.195114068316483,0.0363445785967684,TRUE,TRUE
21,5.25,"hours",1118883,0.0344264667190897,6.50032634561625e-05,0.00088432341103506,0.000174666232288952,0.29681823110433,0.00129093360408208,0.42631892470066,0.480559403718974,0.184019583050799,0.0363464393657137,TRUE,TRUE
22,5.5,"hours",1118680,0.0346310979424721,6.50032634561625e-05,0.00081365295768443,0.000174666232288952,0.292534301075934,0.00129093360408208,0.426330719895435,0.480534789388693,0.169322383238789,0.0363483011315688,TRUE,TRUE
23,5.75,"hours",1118477,0.0347595393867827,6.50032634561625e-05,0.00075283033382445,0.000174666232288952,0.287519472166248,0.00129093360408208,0.42633906515123,0.480515047189487,0.156671541968919,0.0363497945195614,TRUE,TRUE
24,6,"hours",1118274,0.0348369345964814,6.50032634561625e-05,0.000735987901610224,0.000174666232288952,0.281571599655051,0.00129093360408208,0.426342222088662,0.480502781299518,0.153170372837333,0.0363507224279884,TRUE,TRUE
25,6.25,"hours",1118071,0.0348701109109524,6.50032634561625e-05,0.000696583846085619,0.000174666232288952,0.27553253316524,0.00129093360408208,0.426338468175478,0.480493130096243,0.144972696268538,0.0363514525699808,TRUE,TRUE
26,6.5,"hours",1117868,0.034897407278626,6.50032634561625e-05,0.000712437905386776,0.000174666232288952,0.269505137898958,0.00129093360408208,0.426361656305009,0.480485304792575,0.148274650292236,0.0363520445988156,TRUE,TRUE
27,6.75,"hours",1117665,0.0348831012515731,6.50032634561625e-05,0.000712237831018259,0.000174666232288952,0.26389924341245,0.00129093360408208,0.426377940521753,0.480477475917008,0.148235425533513,0.0363526369171823,TRUE,TRUE
28,7,"hours",1117462,0.0348395926764687,6.50032634561625e-05,0.000644709174516755,0.000174666232288952,0.258814823864012,0.00129093360408208,0.426391134789203,0.480469643467173,0.134183123384111,0.0363532295252875,TRUE,TRUE
29,7.25,"hours",1117259,0.0347795606929456,6.50032634561625e-05,0.000614460452100674,0.000174666232288952,0.253802721760187,0.00129093360408208,0.426414704754556,0.4804618074407,0.127889551798873,0.0363538224233379,TRUE,TRUE
30,7.5,"hours",1117056,0.0346804999002622,6.50032634561625e-05,0.000580692327812882,0.000174666232288952,0.248879079100363,0.00129093360408208,0.426428654175643,0.480453967835217,0.120863259893411,0.0363544156115406,TRUE,TRUE
31,7.75,"hours",1116853,0.0345850672167507,6.50032634561625e-05,0.000541899835293846,0.000174666232288952,0.244266070835178,0.00129093360408208,0.426448780473983,0.480450071481871,0.112790041558833,0.0363547104385315,TRUE,TRUE
32,8,"hours",1116650,0.0344502679661857,6.50032634561625e-05,0.000553358563753381,0.000174666232288952,0.23979541050449,0.00129093360408208,0.42646545496617,0.48044617301501,0.115175974923645,0.0363550054302327,TRUE,TRUE
33,8.25,"hours",1116447,0.0342726488018888,6.50032634561625e-05,0.000476988534724332,0.000174666232288952,0.23540223174763,0.00129093360408208,0.42649597206942,0.480443061896389,0.0992809705361502,0.0363552408477948,TRUE,TRUE
34,8.5,"hours",1116244,0.0341308123562364,6.50032634561625e-05,0.000507818668787019,0.000174666232288952,0.230942676239337,0.00129093360408208,0.426512299434075,0.480439948167516,0.10569867695722,0.0363554764659268,TRUE,TRUE
35,8.75,"hours",1116041,0.0339255506997977,6.50032634561625e-05,0.000460674484742629,0.000174666232288952,0.226325236857477,0.00129093360408208,0.426542473722575,0.480436831826029,0.0958865878354313,0.0363557122848151,TRUE,TRUE
36,9,"hours",1115838,0.0336495875994954,6.50032634561625e-05,0.000417963794763332,0.000174666232288952,0.221895225506453,0.00129093360408208,0.426576480015997,0.480433712869569,0.0869971826637411,0.0363559483046461,TRUE,TRUE
37,9.25,"hours",1115635,0.0334210371092447,6.50032634561625e-05,0.000457463077762177,0.000174666232288952,0.217750511534384,0.00129093360408208,0.426608755418933,0.480434542433527,0.0952186067731529,0.0363558855290091,TRUE,TRUE
38,9.5,"hours",1115432,0.0331162013923472,6.50032634561625e-05,0.000438812871867644,0.000174666232288952,0.213630816648315,0.00129093360408208,0.426634117098887,0.480435370795909,0.0913365040423,0.0363558228445156,TRUE,TRUE
39,9.75,"hours",1115229,0.0328017752216936,6.50032634561625e-05,0.000439775136676146,0.000174666232288952,0.209772792667963,0.00129093360408208,0.426662948883554,0.480438036088764,0.0915362863973773,0.0363556211558323,TRUE,TRUE
40,10,"hours",1115026,0.0324347083989138,6.50032634561625e-05,0.000406430175828865,0.000174666232288952,0.205963159027391,0.00129093360408208,0.426688326725972,0.48044070138199,0.0845952840089873,0.0363554194693589,TRUE,TRUE
41,10.25,"hours",1114823,0.032056145082208,6.50032634561625e-05,0.000401153545055544,0.000174666232288952,0.202235202625235,0.00129093360408208,0.42672238518855,0.480439412675579,0.0834972182697315,0.0363555169872995,TRUE,TRUE
42,10.5,"hours",1114620,0.0316601140271476,6.50032634561625e-05,0.000396260826503347,0.000174666232288952,0.198600936990657,0.00129093360408208,0.426749166188208,0.480436007240808,0.0824794188052459,0.0363557746831004,TRUE,TRUE
43,10.75,"hours",1114417,0.0312919771145221,6.50032634561625e-05,0.000361085877702227,0.000174666232288952,0.194909265049823,0.00129093360408208,0.426779420560982,0.480430759761365,0.0751587758205954,0.0363561717771174,TRUE,TRUE
44,11,"hours",1114214,0.0309053039726379,6.50032634561625e-05,0.000346147525980833,0.000174666232288952,0.191021039062089,0.00129093360408208,0.426803553448138,0.480425626946335,0.0720501793755268,0.0363565602024937,TRUE,TRUE
45,11.25,"hours",1114011,0.0305121526117726,6.50032634561625e-05,0.000376092955303831,0.000174666232288952,0.187057497927924,0.00129093360408208,0.426832802236975,0.480418650753115,0.0782844202060554,0.0363570881386768,TRUE,TRUE
46,11.5,"hours",1113808,0.0300955786658605,6.50032634561625e-05,0.000352668720842608,0.000174666232288952,0.183278036712474,0.00129093360408208,0.426863446919277,0.480411671048443,0.0734096905000141,0.0363576163559397,TRUE,TRUE
47,11.75,"hours",1113605,0.0296824632458876,6.50032634561625e-05,0.00033329980047514,0.000174666232288952,0.179692488242785,0.00129093360408208,0.426901034249829,0.480404687829702,0.0693789650515007,0.0363581448545043,TRUE,TRUE
48,12,"hours",1113402,0.0293157006430708,6.50032634561625e-05,0.000344595201003495,0.000174666232288952,0.17627594630267,0.00129093360408208,0.426931700075227,0.48039770109427,0.0717312343957019,0.0363586736345927,TRUE,TRUE
49,12.25,"hours",1113199,0.0289155060368048,6.50032634561625e-05,0.000299141438544703,0.000174666232288952,0.173028566470805,0.00129093360408208,0.42697277767317,0.480390710839527,0.0622704460754302,0.0363592026964274,TRUE,TRUE
50,12.5,"hours",1112996,0.0284995909691028,6.50032634561625e-05,0.000293863941719708,0.000174666232288952,0.169756696638031,0.00129093360408208,0.426996529727657,0.480383717062845,0.06117275238146,0.036359732040231,TRUE,TRUE
51,12.75,"hours",1112793,0.0280856766212267,6.50032634561625e-05,0.000314509999932322,0.000174666232288952,0.166643329918665,0.00129093360408208,0.427034162738369,0.480376842962416,0.0654715156527495,0.0363602523410184,TRUE,TRUE
52,13,"hours",1112590,0.0276692309892312,6.50032634561625e-05,0.000304019567132219,0.000174666232288952,0.163525140478237,0.00129093360408208,0.427068339095646,0.480366012192499,0.0632891502345482,0.0363610721524064,TRUE,TRUE
53,13.25,"hours",1112387,0.0272393939423516,6.50032634561625e-05,0.000306599088192527,0.000174666232288952,0.160536713289307,0.00129093360408208,0.427112933876708,0.4803591374383,0.0638270544467177,0.0363615925410364,TRUE,TRUE
54,13.5,"hours",1112184,0.026800421536386,6.50032634561625e-05,0.000276745940758438,0.000174666232288952,0.157663543535427,0.00129093360408208,0.427164122258877,0.480352256791086,0.0576131238785456,0.0363621133906564,TRUE,TRUE
55,13.75,"hours",1111981,0.0263605838494164,6.50032634561625e-05,0.000302122030706009,0.000174666232288952,0.154940826608915,0.00129093360408208,0.427204916665071,0.480339878014309,0.0628975532814307,0.0363630504739706,TRUE,TRUE
56,14,"hours",1111778,0.0259675321364128,6.50032634561625e-05,0.00027836409577231,0.000174666232288952,0.152277366232227,0.00129093360408208,0.427249194717612,0.48032749185797,0.0579529801002148,0.0363639881642669,TRUE,TRUE
57,14.25,"hours",1111575,0.0255908979389752,6.50032634561625e-05,0.000266834006339978,0.000174666232288952,0.149661040425784,0.00129093360408208,0.427283074148857,0.480317824467767,0.0555536340204848,0.0363647200647815,TRUE,TRUE
58,14.5,"hours",1111372,0.0251898595327906,6.50032634561625e-05,0.000286510581717692,0.000174666232288952,0.147129519664378,0.00129093360408208,0.427316964812999,0.480308148706351,0.0596514097229812,0.0363654526285663,TRUE,TRUE
59,14.75,"hours",1111169,0.0248451610419104,6.50032634561625e-05,0.000263754482008438,0.000174666232288952,0.144698338952374,0.00129093360408208,0.427340810121023,0.480298464558372,0.0549147043913531,0.036366185856862,TRUE,TRUE
60,15,"hours",1110966,0.0244419477278993,6.50032634561625e-05,0.000235182417166024,0.000174666232288952,0.142320944468287,0.00129093360408208,0.42737333017135,0.480288772008414,0.0489668780268518,0.0363669197509144,TRUE,TRUE
61,15.25,"hours",1110763,0.0240333543845405,6.50032634561625e-05,0.000216465858987602,0.000174666232288952,0.140104599728515,0.00129093360408208,0.427418030862827,0.480276880421926,0.0450710554289925,0.0363678201906173,TRUE,TRUE
62,15.5,"hours",1110560,0.0236718291559253,6.50032634561625e-05,0.00021351447500495,0.000174666232288952,0.137897263763525,0.00129093360408208,0.427448851951473,0.480264083577661,0.0444577228041713,0.0363687892269187,TRUE,TRUE
63,15.75,"hours",1110357,0.0232292699303533,6.50032634561625e-05,0.000225141916096461,0.000174666232288952,0.13575285044513,0.00129093360408208,0.42747585046701,0.480255252723454,0.046879636364145,0.0363694579702037,TRUE,TRUE
64,16,"hours",1110154,0.0228084275286359,6.50032634561625e-05,0.00022338400255828,0.000174666232288952,0.133723459378717,0.00129093360408208,0.427499742611355,0.480246417749916,0.0465144547261579,0.0363701270500487,TRUE,TRUE
65,16.25,"hours",1109951,0.022403015345664,6.50032634561625e-05,0.000239017827883825,0.000174666232288952,0.131738489952243,0.00129093360408208,0.427515273433995,0.480237578654062,0.0497707465029514,0.0363707964667156,TRUE,TRUE
66,16.5,"hours",1109748,0.0220019478633591,6.50032634561625e-05,0.000231668929031259,0.000174666232288952,0.129688449400361,0.00129093360408208,0.427529907220098,0.480233655792044,0.0482408773806513,0.0363710935671256,TRUE,TRUE
67,16.75,"hours",1109545,0.0215667233762514,6.50032634561625e-05,0.000204259875262736,0.000174666232288952,0.127492686036041,0.00129093360408208,0.427547226806042,0.480229730503881,0.0425337837889412,0.0363713908561396,TRUE,TRUE
68,17,"hours",1109342,0.0211910090209518,6.50032634561625e-05,0.000214969574834911,0.000174666232288952,0.125260847525833,0.00129093360408208,0.427574981633478,0.480225014427253,0.0447643434591381,0.0363717480434188,TRUE,TRUE
69,17.25,"hours",1109139,0.0207561390658093,6.50032634561625e-05,0.000216335589733219,0.000174666232288952,0.123043101927232,0.00129093360408208,0.427598910612391,0.480219349724425,0.0450493279492722,0.0363721770872383,TRUE,TRUE
70,17.5,"hours",1108936,0.0203402436894417,6.50032634561625e-05,0.000235828831840812,0.000174666232288952,0.120957130374421,0.00129093360408208,0.427616249938454,0.480213681866221,0.0491091446883243,0.0363726063801762,TRUE,TRUE
71,17.75,"hours",1108733,0.0199184588204383,6.50032634561625e-05,0.000230254885887904,0.000174666232288952,0.119075083501626,0.00129093360408208,0.42762735933755,0.480208010850074,0.0479489889142628,0.0363730359224442,TRUE,TRUE
72,18,"hours",1108530,0.0195034358060334,6.50032634561625e-05,0.000237080966063896,0.000174666232288952,0.117198468596334,0.00129093360408208,0.427632520531856,0.480198358088958,0.0493714653684793,0.0363737670791024,TRUE,TRUE
